<?xml version="1.0" encoding="UTF-8" standalone="yes"?>
<addon id="service.libreelec.backupper" name="LibreELEC Backupper" version="1.4.1.4" provider-name="Nigel">
    <requires>
        <import addon="xbmc.python" version="3.0.0"/>
        <import addon="script.module.requests" version="2.22.0"/>
    </requires>
    <extension point="xbmc.service" library="service.py"/>
    <extension point="xbmc.python.script" library="addon.py"/>
    <extension point="xbmc.addon.metadata">
        <platform>all</platform>
        <summary lang="en_GB">Backup and restore LibreELEC system settings and configurations</summary>
        <description lang="en_GB">Automatically backup and restore your LibreELEC system settings, configurations, and addons. Supports local and remote storage locations with smart backup rotation.</description>
        <disclaimer lang="en_GB">This addon is not affiliated with LibreELEC or Kodi.</disclaimer>
        <license>GPL-2.0-or-later</license>
        <forum>https://forum.libreelec.tv/</forum>
        <source>https://github.com/Nigel1992/service.libreelec.backupper</source>
        <news>v1.4.1.4 (2026-01-04) - FIX RELEASE
- Fixed addon zip structure for proper Kodi installation

v1.4.1.3 (2025-12-30) - TEST RELEASE
- Fixed NFS connection and path format handling
- Improved SMB browsing with better path validation
- Enhanced SFTP error messages and paramiko handling
- Settings now auto-save immediately when changed

v1.4.1.2 (2025-12-30)
- Fixed restore from backup failing due to read-only file system error
- Added automatic mounting/unmounting of addons directory during restore</news>
        <assets>
            <icon>resources/icon.png</icon>
            <fanart>resources/fanart.jpg</fanart>
            <screenshot>resources/screenshot-01.jpg</screenshot>
            <screenshot>resources/screenshot-02.jpg</screenshot>
        </assets>
    </extension>
</addon>
